Sentence,
"""The sun is shining.""",
"""I enjoy reading books.""",
"""This pizza tastes amazing.""",
"""My favorite color is green.""",
"""I like to play the guitar.""",
"""The moon looks beautiful tonight.""",
"""I have a pet dog.""",
"""Coding can be challenging.""",
"""I enjoy hiking in the mountains.""",
"""I love watching movies.""",
"""Learning new languages is fun.""",
"""I prefer tea over coffee.""",
"""My favorite season is autumn.""",
"""I have a passion for photography.""",
"""I like to meditate in the morning.""",
"""I enjoy solving puzzles.""",
"""Traveling broadens my horizons.""",
"""I find astronomy fascinating.""",
"""I have a sweet tooth.""",
"""I love gardening in my free time.""",
"""Playing sports keeps me active.""",
"""I enjoy learning about history.""",
"""I like to cook homemade meals.""",
"""The beach is my happy place.""",
"""I appreciate art and creativity.""",
"""I believe in lifelong learning.""",
"""My morning routine includes yoga.""",
"""I have a fascination with space.""",
"""Reading is a great escape for me.""",
"""I enjoy trying new recipes.""",
"""I like to volunteer for charity.""",
"""I have a collection of vinyl records.""",
"""I find joy in simple pleasures.""",
"""I'm passionate about environmental issues.""",
"""I love attending live concerts.""",
"""Stargazing is a peaceful activity.""",
"""I have a favorite spot in the park.""",
"""I enjoy solving Sudoku puzzles.""",
"""I find inspiration in nature.""",
"""I have a collection of vintage books.""",
"""I believe in the power of positivity.""",
"""I'm a fan of science fiction movies.""",
"""Learning to play an instrument is rewarding.""",
"""I enjoy spending time with family.""",
"""I find joy in helping others.""",
"""I have a favorite hiking trail.""",
"""I love the smell of fresh rain.""",
"""I enjoy painting as a hobby.""",
"""I find solace in reading poetry.""",
"""I'm passionate about animal rights.""",
"""I have a collection of vintage postcards.""",
"""Attending live theater performances is a joy.""",
"""I'm fascinated by ancient civilizations.""",
"""I enjoy experimenting with new recipes.""",
"""I believe in the importance of lifelong learning.""",
"""I find peace in spending time by the lake.""",
"""I'm passionate about reducing plastic waste.""",
"""I enjoy practicing mindfulness in nature.""",
"""I have a collection of vintage photographs.""",
"""I'm passionate about raising awareness for mental health.""",
"""I find inspiration in the beauty of a sunrise.""",
"""I believe in the power of community service.""",
"""I enjoy experimenting with new art techniques.""",
"""I have a favorite hiking trail in the mountains.""",
"""I love the smell of freshly brewed coffee.""",
"""I find joy in creating personalized greeting cards.""",
"""I believe in the importance of kindness.""",
"""I enjoy exploring new places and cultures.""",
"""I have a collection of vintage vinyl records.""",
"""I'm passionate about promoting environmental sustainability.""",
"""I find peace in spending time by the ocean.""",
"""I believe in the power of positive affirmations.""",
"""I enjoy attending live music concerts.""",
"""I have a favorite writing spot in the park.""",
"""I love the challenge of solving jigsaw puzzles.""",
,
,
,
,
,
,
